Unique ID,Category,State,Area,Sub -Category,Phone 1,Phone 2,Source Url,Source
HEL0001AND,Helpline,Andaman and Nicobar,Statewide,Pan India Helpline Numbers of States & UT's,3192232102,,https://www.mohfw.gov.in/pdf/coronvavirushelplinenumber.pdf,Ministry of Health - India
HEL0002AND,Helpline,Andhra Pradesh,Anantapur District,24x7 Helpline Number for COVID,8554277434,,http://cfw.ap.nic.in/pdf/District%20COVID-19%20Call%20Centers.pdf,State Department of Health - Andhra Pradesh
HEL0003AND,Helpline,Andhra Pradesh,Statewide,Pan India Helpline Numbers of States & UT's,8662410978,,https://www.mohfw.gov.in/pdf/coronvavirushelplinenumber.pdf,Ministry of Health - India
HEL0004AND,Helpline,Andhra Pradesh,Chittoor District,24x7 Helpline Number for COVID,9849902379,,http://cfw.ap.nic.in/pdf/District%20COVID-19%20Call%20Centers.pdf,State Department of Health - Andhra Pradesh
HEL0005AND,Helpline,Andhra Pradesh,East Godavari District,24x7 Helpline Number for COVID,8841361763,,http://cfw.ap.nic.in/pdf/District%20COVID-19%20Call%20Centers.pdf,State Department of Health - Andhra Pradesh
HEL0006AND,Helpline,Andhra Pradesh,Guntur District,24x7 Helpline Number for COVID,8632271492,,http://cfw.ap.nic.in/pdf/District%20COVID-19%20Call%20Centers.pdf,State Department of Health - Andhra Pradesh
HEL0007AND,Helpline,Andhra Pradesh,Krishna District,24x7 Helpline Number for COVID,9491058200,,http://cfw.ap.nic.in/pdf/District%20COVID-19%20Call%20Centers.pdf,State Department of Health - Andhra Pradesh
HEL0008AND,Helpline,Andhra Pradesh,Kurnool District,24x7 Helpline Number for COVID,9441300005,,http://cfw.ap.nic.in/pdf/District%20COVID-19%20Call%20Centers.pdf,State Department of Health - Andhra Pradesh
HEL0009AND,Helpline,Andhra Pradesh,Prakasam District,24x7 Helpline Number for COVID,7729803162,,http://cfw.ap.nic.in/pdf/District%20COVID-19%20Call%20Centers.pdf,State Department of Health - Andhra Pradesh
HEL0010AND,Helpline,Andhra Pradesh,Spsr Nellore District,24x7 Helpline Number for COVID,9618232115,,http://cfw.ap.nic.in/pdf/District%20COVID-19%20Call%20Centers.pdf,State Department of Health - Andhra Pradesh
HEL0011AND,Helpline,Andhra Pradesh,Srikakulam District,24x7 Helpline Number for COVID,6300073203,,http://cfw.ap.nic.in/pdf/District%20COVID-19%20Call%20Centers.pdf,State Department of Health - Andhra Pradesh
HEL0012AND,Helpline,Andhra Pradesh,Visakhapatnam District,24x7 Helpline Number for COVID,9666556597,,http://cfw.ap.nic.in/pdf/District%20COVID-19%20Call%20Centers.pdf,State Department of Health - Andhra Pradesh
HEL0013AND,Helpline,Andhra Pradesh,Vizianagaram District,24x7 Helpline Number for COVID,9494914971,8922227950,http://cfw.ap.nic.in/pdf/District%20COVID-19%20Call%20Centers.pdf,State Department of Health - Andhra Pradesh
HEL0014AND,Helpline,Andhra Pradesh,West Godavari District,24x7 Helpline Number for COVID,8812222376,,http://cfw.ap.nic.in/pdf/District%20COVID-19%20Call%20Centers.pdf,State Department of Health - Andhra Pradesh
HEL0015AND,Helpline,Andhra Pradesh,YSR District,24x7 Helpline Number for COVID,8562245259,,http://cfw.ap.nic.in/pdf/District%20COVID-19%20Call%20Centers.pdf,State Department of Health - Andhra Pradesh
HEL0016ARU,Helpline,Arunachal Pradesh,Statewide,Pan India Helpline Numbers of States & UT's,9436055743,,https://www.mohfw.gov.in/pdf/coronvavirushelplinenumber.pdf,Ministry of Health - India
HEL0017ASS,Helpline,Assam,Baksa,District Disaster Management,8471900263,8471900263,https://covid19.assam.gov.in/wp-content/uploads/2020/04/district-level-helpline-no.pdf,Govt. of Assam
HEL0018ASS,Helpline,Assam,Baksa,District Police,3624295552,8724846530,https://covid19.assam.gov.in/wp-content/uploads/2020/04/district-level-helpline-no.pdf,Govt. of Assam
HEL0019ASS,Helpline,Assam,Barpeta,District Police,366252231,6026704630,https://covid19.assam.gov.in/wp-content/uploads/2020/04/district-level-helpline-no.pdf,Govt. of Assam
HEL0020ASS,Helpline,Assam,Barpeta,District Disaster Management,3665236085,9365369069,https://covid19.assam.gov.in/wp-content/uploads/2020/04/district-level-helpline-no.pdf,Govt. of Assam
HEL0021ASS,Helpline,Assam,Biswanath,District Police,3715222012,8135837614,https://covid19.assam.gov.in/wp-content/uploads/2020/04/district-level-helpline-no.pdf,Govt. of Assam
HEL0022ASS,Helpline,Assam,Biswanath,District Disaster Management,3715222086,6002668873,https://covid19.assam.gov.in/wp-content/uploads/2020/04/district-level-helpline-no.pdf,Govt. of Assam
HEL0023ASS,Helpline,Assam,Bongaigaon,District Police,9435736111,8638480652,https://covid19.assam.gov.in/wp-content/uploads/2020/04/district-level-helpline-no.pdf,Govt. of Assam
HEL0024ASS,Helpline,Assam,Cachar,District Disaster Management,3842239249,9401624141,https://covid19.assam.gov.in/wp-content/uploads/2020/04/district-level-helpline-no.pdf,Govt. of Assam
HEL0025ASS,Helpline,Assam,Cachar,District Police,3842246892,7086021473,https://covid19.assam.gov.in/wp-content/uploads/2020/04/district-level-helpline-no.pdf,Govt. of Assam
HEL0026ASS,Helpline,Assam,Charaideo,District Disaster Management,3772255123,6002670501,https://covid19.assam.gov.in/wp-content/uploads/2020/04/district-level-helpline-no.pdf,Govt. of Assam
HEL0027ASS,Helpline,Assam,Statewide,Pan India Helpline Numbers of States & UT's,6913347770,,https://www.mohfw.gov.in/pdf/coronvavirushelplinenumber.pdf,Ministry of Health - India
HEL0028ASS,Helpline,Assam,Charaideo,District Police,3772256045,9678921813,https://covid19.assam.gov.in/wp-content/uploads/2020/04/district-level-helpline-no.pdf,Govt. of Assam
HEL0029ASS,Helpline,Assam,Chirang,District Disaster Management,3664242316,9435105936,https://covid19.assam.gov.in/wp-content/uploads/2020/04/district-level-helpline-no.pdf,Govt. of Assam
HEL0030ASS,Helpline,Assam,Chirang,District Police,3664243201,9401347035,https://covid19.assam.gov.in/wp-content/uploads/2020/04/district-level-helpline-no.pdf,Govt. of Assam
HEL0031ASS,Helpline,Assam,Darrang,District Police,3713222213,8876603074,https://covid19.assam.gov.in/wp-content/uploads/2020/04/district-level-helpline-no.pdf,Govt. of Assam
HEL0032ASS,Helpline,Assam,Darrang,District Disaster Management,3713222723,9435844400,https://covid19.assam.gov.in/wp-content/uploads/2020/04/district-level-helpline-no.pdf,Govt. of Assam
HEL0033ASS,Helpline,Assam,Dhemaji,District Police,9859916060,8876444412,https://covid19.assam.gov.in/wp-content/uploads/2020/04/district-level-helpline-no.pdf,Govt. of Assam
HEL0034ASS,Helpline,Assam,Dhemaji,District Disaster Management,3753224014,7577035639,https://covid19.assam.gov.in/wp-content/uploads/2020/04/district-level-helpline-no.pdf,Govt. of Assam
HEL0035ASS,Helpline,Assam,Dhubri,District Disaster Management,3652231149,8134913269,https://covid19.assam.gov.in/wp-content/uploads/2020/04/district-level-helpline-no.pdf,Govt. of Assam
HEL0036ASS,Helpline,Assam,Dhubri,District Police,3662232180,8486038342,https://covid19.assam.gov.in/wp-content/uploads/2020/04/district-level-helpline-no.pdf,Govt. of Assam
HEL0037ASS,Helpline,Assam,Dibrugarh,District Disaster Management,3732312940,9435358371,https://covid19.assam.gov.in/wp-content/uploads/2020/04/district-level-helpline-no.pdf,Govt. of Assam
HEL0038ASS,Helpline,Assam,Dibrugarh,District Police,3732329655,6002075019,https://covid19.assam.gov.in/wp-content/uploads/2020/04/district-level-helpline-no.pdf,Govt. of Assam
HEL0039ASS,Helpline,Assam,Dima Hasao,District Police,8638389873,8638389873,https://covid19.assam.gov.in/wp-content/uploads/2020/04/district-level-helpline-no.pdf,Govt. of Assam
HEL0040ASS,Helpline,Assam,Goalaghat,District Police,8134820114,8134820114,https://covid19.assam.gov.in/wp-content/uploads/2020/04/district-level-helpline-no.pdf,Govt. of Assam
HEL0041ASS,Helpline,Assam,Goalaghat,District Disaster Management,3774285033,9435292948,https://covid19.assam.gov.in/wp-content/uploads/2020/04/district-level-helpline-no.pdf,Govt. of Assam
HEL0042ASS,Helpline,Assam,Goalpara,District Disaster Management,8638412176,8638412176,https://covid19.assam.gov.in/wp-content/uploads/2020/04/district-level-helpline-no.pdf,Govt. of Assam
HEL0043ASS,Helpline,Assam,Goalpara,District Police,366324003,9435721514,https://covid19.assam.gov.in/wp-content/uploads/2020/04/district-level-helpline-no.pdf,Govt. of Assam
HEL0044ASS,Helpline,Assam,Guwahati,District Police,3612464557,9127801077/78,https://covid19.assam.gov.in/wp-content/uploads/2020/04/district-level-helpline-no.pdf,Govt. of Assam
HEL0045ASS,Helpline,Assam,Guwahati,District Disaster Management,361273352,,https://covid19.assam.gov.in/wp-content/uploads/2020/04/district-level-helpline-no.pdf,Govt. of Assam
HEL0046ASS,Helpline,Assam,Hailakandi,District Police,3844222254,9864609954,https://covid19.assam.gov.in/wp-content/uploads/2020/04/district-level-helpline-no.pdf,Govt. of Assam
HEL0047ASS,Helpline,Assam,Hailakandi,District Disaster Management,3844223377,,https://covid19.assam.gov.in/wp-content/uploads/2020/04/district-level-helpline-no.pdf,Govt. of Assam
HEL0048ASS,Helpline,Assam,Hamren,District Police,9401321286,8474834510,https://covid19.assam.gov.in/wp-content/uploads/2020/04/district-level-helpline-no.pdf,Govt. of Assam
HEL0049ASS,Helpline,Assam,Hamren,District Disaster Management,3677230051,6003256039,https://covid19.assam.gov.in/wp-content/uploads/2020/04/district-level-helpline-no.pdf,Govt. of Assam
HEL0050ASS,Helpline,Assam,Hojal,District Police,3674284172,6000924750,https://covid19.assam.gov.in/wp-content/uploads/2020/04/district-level-helpline-no.pdf,Govt. of Assam
HEL0051ASS,Helpline,Assam,Hojal,District Disaster Management,3674284022,6003256039,https://covid19.assam.gov.in/wp-content/uploads/2020/04/district-level-helpline-no.pdf,Govt. of Assam
HEL0052ASS,Helpline,Assam,Jorhat,District Police,3762320018,,https://covid19.assam.gov.in/wp-content/uploads/2020/04/district-level-helpline-no.pdf,Govt. of Assam
HEL0053ASS,Helpline,Assam,Kamrup,District Disaster Management,9678471071,6026656653,https://covid19.assam.gov.in/wp-content/uploads/2020/04/district-level-helpline-no.pdf,Govt. of Assam
HEL0054ASS,Helpline,Assam,Kamrup,District Police,3612684402,7578982561,https://covid19.assam.gov.in/wp-content/uploads/2020/04/district-level-helpline-no.pdf,Govt. of Assam
HEL0055ASS,Helpline,Assam,Karbi-Anglong,District Police,34571272594,9365972436,https://covid19.assam.gov.in/wp-content/uploads/2020/04/district-level-helpline-no.pdf,Govt. of Assam
HEL0056ASS,Helpline,Assam,Karbi-Anglong,District Disaster Management,3671272248,7896039111,https://covid19.assam.gov.in/wp-content/uploads/2020/04/district-level-helpline-no.pdf,Govt. of Assam
HEL0057ASS,Helpline,Assam,Karimganj,District Disaster Management,3843265144,,https://covid19.assam.gov.in/wp-content/uploads/2020/04/district-level-helpline-no.pdf,Govt. of Assam
HEL0058ASS,Helpline,Assam,Karimganj,District Police,3843266101,9954399885,https://covid19.assam.gov.in/wp-content/uploads/2020/04/district-level-helpline-no.pdf,Govt. of Assam
HEL0059ASS,Helpline,Assam,Kokrajhar,District Police,8811029100,8486356200,https://covid19.assam.gov.in/wp-content/uploads/2020/04/district-level-helpline-no.pdf,Govt. of Assam
HEL0060ASS,Helpline,Assam,Kokrajhar,District Disaster Management,9613862548,9623862548,https://covid19.assam.gov.in/wp-content/uploads/2020/04/district-level-helpline-no.pdf,Govt. of Assam
HEL0061ASS,Helpline,Assam,Lakhimpur,District Police,3752223737,9435760899,https://covid19.assam.gov.in/wp-content/uploads/2020/04/district-level-helpline-no.pdf,Govt. of Assam
HEL0062ASS,Helpline,Assam,Lakhimpur,District Disaster Management,3752244736,,https://covid19.assam.gov.in/wp-content/uploads/2020/04/district-level-helpline-no.pdf,Govt. of Assam
HEL0063ASS,Helpline,Assam,Majuli,District Police,6002628243,8011077752,https://covid19.assam.gov.in/wp-content/uploads/2020/04/district-level-helpline-no.pdf,Govt. of Assam
HEL0064ASS,Helpline,Assam,Majuli,District Disaster Management,3775274499,7635961522,https://covid19.assam.gov.in/wp-content/uploads/2020/04/district-level-helpline-no.pdf,Govt. of Assam
HEL0065ASS,Helpline,Assam,Morigaon,District Police,3678241161,9854102220,https://covid19.assam.gov.in/wp-content/uploads/2020/04/district-level-helpline-no.pdf,Govt. of Assam
HEL0066ASS,Helpline,Assam,Morigaon,District Disaster Management,368241341,6000196907,https://covid19.assam.gov.in/wp-content/uploads/2020/04/district-level-helpline-no.pdf,Govt. of Assam
HEL0067ASS,Helpline,Assam,Nagaon,District Police,3672235620,8724915419,https://covid19.assam.gov.in/wp-content/uploads/2020/04/district-level-helpline-no.pdf,Govt. of Assam
HEL0068ASS,Helpline,Assam,Nagaon,District Disaster Management,3672236827,9101985190,https://covid19.assam.gov.in/wp-content/uploads/2020/04/district-level-helpline-no.pdf,Govt. of Assam
HEL0069ASS,Helpline,Assam,Nalbari,District Disaster Management,3624220219,9854082116,https://covid19.assam.gov.in/wp-content/uploads/2020/04/district-level-helpline-no.pdf,Govt. of Assam
HEL0070ASS,Helpline,Assam,Nalbari,District Police,3624220440,8811087224,https://covid19.assam.gov.in/wp-content/uploads/2020/04/district-level-helpline-no.pdf,Govt. of Assam
HEL0071ASS,Helpline,Assam,Sadiya,District Disaster Management,6900911465,6900911465,https://covid19.assam.gov.in/wp-content/uploads/2020/04/district-level-helpline-no.pdf,Govt. of Assam
HEL0072ASS,Helpline,Assam,Sadiya,District Police,3756244005,9706556882,https://covid19.assam.gov.in/wp-content/uploads/2020/04/district-level-helpline-no.pdf,Govt. of Assam
HEL0073ASS,Helpline,Assam,Sivasagar,District Police,3772222801,9435500597,https://covid19.assam.gov.in/wp-content/uploads/2020/04/district-level-helpline-no.pdf,Govt. of Assam
HEL0074ASS,Helpline,Assam,Sivasagar,District Disaster Management,3772223397,8471864355,https://covid19.assam.gov.in/wp-content/uploads/2020/04/district-level-helpline-no.pdf,Govt. of Assam
HEL0075ASS,Helpline,Assam,Sonitpur,District Disaster Management,3712232440,9435371672,https://covid19.assam.gov.in/wp-content/uploads/2020/04/district-level-helpline-no.pdf,Govt. of Assam
HEL0076ASS,Helpline,Assam,Sonitpur,District Police,3712232800,7086993898,https://covid19.assam.gov.in/wp-content/uploads/2020/04/district-level-helpline-no.pdf,Govt. of Assam
HEL0077ASS,Helpline,Assam,South Salmara,District Police,7635831151,7635831151,https://covid19.assam.gov.in/wp-content/uploads/2020/04/district-level-helpline-no.pdf,Govt. of Assam
HEL0078ASS,Helpline,Assam,South Salmara,District Disaster Management,3662286328,9954853411,https://covid19.assam.gov.in/wp-content/uploads/2020/04/district-level-helpline-no.pdf,Govt. of Assam
HEL0079ASS,Helpline,Assam,Tinsukia,District Police,3742337858,6900657812,https://covid19.assam.gov.in/wp-content/uploads/2020/04/district-level-helpline-no.pdf,Govt. of Assam
HEL0080ASS,Helpline,Assam,Tinsukia,District Disaster Management,3742338656,7399132531,https://covid19.assam.gov.in/wp-content/uploads/2020/04/district-level-helpline-no.pdf,Govt. of Assam
HEL0081ASS,Helpline,Assam,Udalguri,District Police,3711224011,7002776546,https://covid19.assam.gov.in/wp-content/uploads/2020/04/district-level-helpline-no.pdf,Govt. of Assam
HEL0082BIH,Helpline,Bihar,Statewide,Pan India Helpline Numbers of States & UT's,104,,https://www.mohfw.gov.in/pdf/coronvavirushelplinenumber.pdf,Ministry of Health - India
HEL0083CHA,Helpline,Chandigarh,Statewide,Pan India Helpline Numbers of States & UT's,9779558282,,https://www.mohfw.gov.in/pdf/coronvavirushelplinenumber.pdf,Ministry of Health - India
HEL0084CHH,Helpline,Chhattisgarh,Statewide,Pan India Helpline Numbers of States & UT's,104,,https://www.mohfw.gov.in/pdf/coronvavirushelplinenumber.pdf,Ministry of Health - India
HEL0085DAD,Helpline,Dadra and Nagar Haveli,Statewide,Pan India Helpline Numbers of States & UT's,104,,https://www.mohfw.gov.in/pdf/coronvavirushelplinenumber.pdf,Ministry of Health - India
HEL0086DAM,Helpline,Daman and Diu,Statewide,Pan India Helpline Numbers of States & UT's,104,,https://www.mohfw.gov.in/pdf/coronvavirushelplinenumber.pdf,Ministry of Health - India
HEL0087DEL,Helpline,Delhi,Statewide,Pan India Helpline Numbers of States & UT's,1122307145,,https://www.mohfw.gov.in/pdf/coronvavirushelplinenumber.pdf,Ministry of Health - India
HEL0088GOA,Helpline,Goa,Statewide,Pan India Helpline Numbers of States & UT's,104,,https://www.mohfw.gov.in/pdf/coronvavirushelplinenumber.pdf,Ministry of Health - India
HEL0089GUJ,Helpline,Gujarat,Statewide,Pan India Helpline Numbers of States & UT's,104,,https://www.mohfw.gov.in/pdf/coronvavirushelplinenumber.pdf,Ministry of Health - India
HEL0090GUJ,Helpline,Gujarat,Statewide,Whatsapp Chatbot,7433000104,,https://nhm.gujarat.gov.in/Portal/News/224_1_gog-covid-19-helpline.pdf,Govt Of Gujarat
HEL0091HAR,Helpline,Haryana,Statewide,Pan India Helpline Numbers of States & UT's,8558893911,,https://www.mohfw.gov.in/pdf/coronvavirushelplinenumber.pdf,Ministry of Health - India
HEL0092HIM,Helpline,Himachal Pradesh,Statewide,Pan India Helpline Numbers of States & UT's,104,,https://www.mohfw.gov.in/pdf/coronvavirushelplinenumber.pdf,Ministry of Health - India
HEL0093JAM,Helpline,Jammu and Kashmir,Doda District,District Emergency Helpline for Covid 19,1996233465,,https://www.dhskashmir.org/,Directorate of Health Services
HEL0094JAM,Helpline,Jammu and Kashmir,Statewide,Pan India Helpline Numbers of States & UT's,1912520982,,https://www.mohfw.gov.in/pdf/coronvavirushelplinenumber.pdf,Ministry of Health - India
HEL0095JAM,Helpline,Jammu and Kashmir,Jammu District,District Emergency Helpline for Covid 19,1912577608,,https://www.dhskashmir.org/,Directorate of Health Services
HEL0096JAM,Helpline,Jammu and Kashmir,Statewide,Jammu And Kashmir Helpline,1912549676,,,Govt. J&K
HEL0097JAM,Helpline,Jammu and Kashmir,Kashmir District,District Emergency Helpline for Covid 19,1942440283,,,Govt. J&K
HEL0098JAM,Helpline,Jammu and Kashmir,Kathua District,District Emergency Helpline for Covid 19,1922234323,,https://www.dhskashmir.org/,Directorate of Health Services
HEL0099JAM,Helpline,Jammu and Kashmir,Kishtwar District,District Emergency Helpline for Covid 19,1995261410,,https://www.dhskashmir.org/,Directorate of Health Services
HEL0100JAM,Helpline,Jammu and Kashmir,Poonch District,District Emergency Helpline for Covid 19,1965220111,,https://www.dhskashmir.org/,Directorate of Health Services
HEL0101JAM,Helpline,Jammu and Kashmir,Rajouri District,District Emergency Helpline for Covid 19,1962262640,,https://www.dhskashmir.org/,Directorate of Health Services
HEL0102JAM,Helpline,Jammu and Kashmir,Ramban District,District Emergency Helpline for Covid 19,1998266908,,https://www.dhskashmir.org/,Directorate of Health Services
HEL0103JAM,Helpline,Jammu and Kashmir,Reasi District,District Emergency Helpline for Covid 19,1991245684,,https://www.dhskashmir.org/,Directorate of Health Services
HEL0104JAM,Helpline,Jammu and Kashmir,Samba District,District Emergency Helpline for Covid 19,1923243009,,https://www.dhskashmir.org/,Directorate of Health Services
HEL0105JAM,Helpline,Jammu and Kashmir,Udhampur District,District Emergency Helpline for Covid 19,1992270862,,https://www.dhskashmir.org/,Directorate of Health Services
HEL0106JHA,Helpline,Jharkhand,Statewide,Pan India Helpline Numbers of States & UT's,104,,https://www.mohfw.gov.in/pdf/coronvavirushelplinenumber.pdf,Ministry of Health - India
HEL0107KAR,Helpline,Karnataka,Statewide,Pan India Helpline Numbers of States & UT's,104,,https://www.mohfw.gov.in/pdf/coronvavirushelplinenumber.pdf,Ministry of Health - India
HEL0108KER,Helpline,Kerala,Statewide,Pan India Helpline Numbers of States & UT's,4712552056,,https://www.mohfw.gov.in/pdf/coronvavirushelplinenumber.pdf,Ministry of Health - India
HEL0109LAD,Helpline,Ladakh,Statewide,Pan India Helpline Numbers of States & UT's,1982256462,,https://www.mohfw.gov.in/pdf/coronvavirushelplinenumber.pdf,Ministry of Health - India
HEL0110LAK,Helpline,Lakshadweep,Statewide,Pan India Helpline Numbers of States & UT's,104,,https://www.mohfw.gov.in/pdf/coronvavirushelplinenumber.pdf,Ministry of Health - India
HEL0111MAD,Helpline,Madhya Pradesh,Statewide,Pan India Helpline Numbers of States & UT's,104,,https://www.mohfw.gov.in/pdf/coronvavirushelplinenumber.pdf,Ministry of Health - India
HEL0112MAH,Helpline,Maharashtra,Statewide,Pan India Helpline Numbers of States & UT's,2026127394,,https://www.mohfw.gov.in/pdf/coronvavirushelplinenumber.pdf,Ministry of Health - India
HEL0113MAH,Helpline,Maharashtra,Mumbai,"Homeless, Stranded Migrants/ Workers",1800221292,,https://twitter.com/mybmc/status/1244647826920886272,Brihanmumbai Municipal Corporation
HEL0114MAH,Helpline,Maharashtra,Mumbai,Home Sample Collection,2247085085,,https://twitter.com/mybmc/status/1246262751518789633,Brihanmumbai Municipal Corporation
HEL0115MAH,Helpline,Maharashtra,Mumbai,Grocery & Food For Senior Citizen,9879508404,9653330712,https://twitter.com/mybmc/status/1246752770587148292/photo/1,Brihanmumbai Municipal Corporation
HEL0116MAH,Helpline,Maharashtra,Mumbai,Free Delivery Of Medicines,9992999929,,https://twitter.com/mybmc/status/1246752770587148292/photo/1,Brihanmumbai Municipal Corporation
HEL0117MAH,Helpline,Maharashtra,Pune,District Emergency Helpline for Covid 19,18002334130,,http://punezp.mkcl.org/covid-19,Pune District Council
HEL0118MAN,Helpline,Manipur,Statewide,Pan India Helpline Numbers of States & UT's,3852411668,,https://www.mohfw.gov.in/pdf/coronvavirushelplinenumber.pdf,Ministry of Health - India
HEL0119MEG,Helpline,Meghalaya,Statewide,Helpline Number for all Medical Emergencies,108,,http://meghalayaonline.gov.in/covid/images/materials/STATEEMERGENCYOPERATIONSCENTRE.pdf,Ministry of Health - India
HEL0120MIZ,Helpline,Mizoram,Statewide,Pan India Helpline Numbers of States & UT's,102,,https://www.mohfw.gov.in/pdf/coronvavirushelplinenumber.pdf,Ministry of Health - India
HEL0121NAG,Helpline,Nagaland,Statewide,Pan India Helpline Numbers of States & UT's,7005539653,,https://www.mohfw.gov.in/pdf/coronvavirushelplinenumber.pdf,Ministry of Health - India
HEL0122NAT,Helpline,National,Nationwide,Pan India Helpline Numbers of States & UT's,1123978046,,https://www.mohfw.gov.in/pdf/coronvavirushelplinenumber.pdf,Ministry of Health - India
HEL0123NAT,Helpline,National,Nationwide,Psycho-Social Helpline,8046110007,,https://www.gadgetsnow.com/slideshows/coronavirus-in-india-live-helpdesks-central-and-state-helpline-numbers-and-email-ids-you-need-to-know/Psycho-social-helpline-number-08046110007/photolist/75115470.cms,
HEL0124ODI,Helpline,Odisha,Statewide,Pan India Helpline Numbers of States & UT's,9439994859,,https://www.mohfw.gov.in/pdf/coronvavirushelplinenumber.pdf,Ministry of Health - India
HEL0125PUD,Helpline,Puducherry,Statewide,Pan India Helpline Numbers of States & UT's,104,,https://www.mohfw.gov.in/pdf/coronvavirushelplinenumber.pdf,Ministry of Health - India
HEL0126PUN,Helpline,Punjab,Amritsar City,24x7 Helpline Number for COVID,1832535322,1832535323,http://pbhealth.gov.in/District%20Help%20Line%20Nos%2026-03-2020.pdf,Govt. of Punjab
HEL0127PUN,Helpline,Punjab,Statewide,Pan India Helpline Numbers of States & UT's,104,,https://www.mohfw.gov.in/pdf/coronvavirushelplinenumber.pdf,Ministry of Health - India
HEL0128PUN,Helpline,Punjab,Barnala District,24x7 Helpline Number for COVID,1679234777,,http://pbhealth.gov.in/District%20Help%20Line%20Nos%2026-03-2020.pdf,Govt. of Punjab
HEL0129PUN,Helpline,Punjab,Bathinda District,24x7 Helpline Number for COVID,1642212501,,http://pbhealth.gov.in/District%20Help%20Line%20Nos%2026-03-2020.pdf,Govt. of Punjab
HEL0130PUN,Helpline,Punjab,Faridkot District,24x7 Helpline Number for COVID,1639250947,,http://pbhealth.gov.in/District%20Help%20Line%20Nos%2026-03-2020.pdf,Govt. of Punjab
HEL0131PUN,Helpline,Punjab,Fazilka District,24x7 Helpline Number for COVID,1638264105,,http://pbhealth.gov.in/District%20Help%20Line%20Nos%2026-03-2020.pdf,Govt. of Punjab
HEL0132PUN,Helpline,Punjab,Ferozepur District,24x7 Helpline Number for COVID,1632243703,,http://pbhealth.gov.in/District%20Help%20Line%20Nos%2026-03-2020.pdf,Govt. of Punjab
HEL0133PUN,Helpline,Punjab,Fg Sahib District,24x7 Helpline Number for COVID,1763232136,,http://pbhealth.gov.in/District%20Help%20Line%20Nos%2026-03-2020.pdf,Govt. of Punjab
HEL0134PUN,Helpline,Punjab,Gurdaspur District,24x7 Helpline Number for COVID,1874240990,,http://pbhealth.gov.in/District%20Help%20Line%20Nos%2026-03-2020.pdf,Govt. of Punjab
HEL0135PUN,Helpline,Punjab,Hoshiarpur District,24x7 Helpline Number for COVID,1882252170,,http://pbhealth.gov.in/District%20Help%20Line%20Nos%2026-03-2020.pdf,Govt. of Punjab
HEL0136PUN,Helpline,Punjab,Jalandhar District,24x7 Helpline Number for COVID,1812224848,,http://pbhealth.gov.in/District%20Help%20Line%20Nos%2026-03-2020.pdf,Govt. of Punjab
HEL0137PUN,Helpline,Punjab,Kapurthala District,24x7 Helpline Number for COVID,9914934305,,http://pbhealth.gov.in/District%20Help%20Line%20Nos%2026-03-2020.pdf,Govt. of Punjab
HEL0138PUN,Helpline,Punjab,Ludhiana District,24x7 Helpline Number for COVID,1614622276,,http://pbhealth.gov.in/District%20Help%20Line%20Nos%2026-03-2020.pdf,Govt. of Punjab
HEL0139PUN,Helpline,Punjab,Mansa District,24x7 Helpline Number for COVID,1652227056,,http://pbhealth.gov.in/District%20Help%20Line%20Nos%2026-03-2020.pdf,Govt. of Punjab
HEL0140PUN,Helpline,Punjab,Moga District,24x7 Helpline Number for COVID,1636228110,,http://pbhealth.gov.in/District%20Help%20Line%20Nos%2026-03-2020.pdf,Govt. of Punjab
HEL0141PUN,Helpline,Punjab,Muktsar District,24x7 Helpline Number for COVID,1633262664,,http://pbhealth.gov.in/District%20Help%20Line%20Nos%2026-03-2020.pdf,Govt. of Punjab
HEL0142PUN,Helpline,Punjab,Nawan Shahar District,24x7 Helpline Number for COVID,1823227471,,http://pbhealth.gov.in/District%20Help%20Line%20Nos%2026-03-2020.pdf,Govt. of Punjab
HEL0143PUN,Helpline,Punjab,Pathankot District,24x7 Helpline Number for COVID,1862230180,,http://pbhealth.gov.in/District%20Help%20Line%20Nos%2026-03-2020.pdf,Govt. of Punjab
HEL0144PUN,Helpline,Punjab,Patiala District,24x7 Helpline Number for COVID,1755128793,,http://pbhealth.gov.in/District%20Help%20Line%20Nos%2026-03-2020.pdf,Govt. of Punjab
HEL0145PUN,Helpline,Punjab,Rupnagar District,24x7 Helpline Number for COVID,1881227241,,http://pbhealth.gov.in/District%20Help%20Line%20Nos%2026-03-2020.pdf,Govt. of Punjab
HEL0146PUN,Helpline,Punjab,Sangrur District,24x7 Helpline Number for COVID,1672298190,,http://pbhealth.gov.in/District%20Help%20Line%20Nos%2026-03-2020.pdf,Govt. of Punjab
HEL0147PUN,Helpline,Punjab,Sas Nagar District,24x7 Helpline Number for COVID,7814641397,,http://pbhealth.gov.in/District%20Help%20Line%20Nos%2026-03-2020.pdf,Govt. of Punjab
HEL0148PUN,Helpline,Punjab,Tarn Taran District,24x7 Helpline Number for COVID,1852385115,,http://pbhealth.gov.in/District%20Help%20Line%20Nos%2026-03-2020.pdf,Govt. of Punjab
HEL0149RAJ,Helpline,Rajasthan,Statewide,Pan India Helpline Numbers of States & UT's,1412225624,1412225000,https://www.mohfw.gov.in/pdf/coronvavirushelplinenumber.pdf,Ministry of Health - India
HEL0150SIK,Helpline,Sikkim,Statewide,Pan India Helpline Numbers of States & UT's,104,,https://www.mohfw.gov.in/pdf/coronvavirushelplinenumber.pdf,Ministry of Health - India
HEL0151TAM,Helpline,Tamil Nadu,Ariyalur District,District Emergency Helpline for Covid 19,43291077,4329228709,http://www.stopcoronatn.in/whomtocontact.html,Govt. of Tamil Nadu
HEL0152TAM,Helpline,Tamil Nadu,Chengalpattu District,District Emergency Helpline for Covid 19,441077,4427237107,http://www.stopcoronatn.in/whomtocontact.html,Govt. of Tamil Nadu
HEL0153TAM,Helpline,Tamil Nadu,Chennai City,District Emergency Helpline for Covid 19,441077,4425243454,http://www.stopcoronatn.in/whomtocontact.html,Govt. of Tamil Nadu
HEL0154TAM,Helpline,Tamil Nadu,Chennai - Adyar District,Chennai Zone Volunteers,9445190013,,http://www.stopcoronatn.in/img/help_contact.jpg,Govt. of Tamil Nadu
HEL0155TAM,Helpline,Tamil Nadu,Chennai - Alandur District,Chennai Zone Volunteers,9445190012,,http://www.stopcoronatn.in/img/help_contact.jpg,Govt. of Tamil Nadu
HEL0156TAM,Helpline,Tamil Nadu,Chennai - Ambatur District,Chennai Zone Volunteers,9445190007,,http://www.stopcoronatn.in/img/help_contact.jpg,Govt. of Tamil Nadu
HEL0157TAM,Helpline,Tamil Nadu,Chennai - Anna Nagar District,Chennai Zone Volunteers,9445190008,,http://www.stopcoronatn.in/img/help_contact.jpg,Govt. of Tamil Nadu
HEL0158TAM,Helpline,Tamil Nadu,Chennai - Kodambakkam District,Chennai Zone Volunteers,9445190010,,http://www.stopcoronatn.in/img/help_contact.jpg,Govt. of Tamil Nadu
HEL0159TAM,Helpline,Tamil Nadu,Chennai - Manali District,Chennai Zone Volunteers,9445190002,,http://www.stopcoronatn.in/img/help_contact.jpg,Govt. of Tamil Nadu
HEL0160TAM,Helpline,Tamil Nadu,Chennai - Mandavaram District,Chennai Zone Volunteers,9445190003,,http://www.stopcoronatn.in/img/help_contact.jpg,Govt. of Tamil Nadu
HEL0161TAM,Helpline,Tamil Nadu,Chennai - Perungudi District,Chennai Zone Volunteers,9445190014,,http://www.stopcoronatn.in/img/help_contact.jpg,Govt. of Tamil Nadu
HEL0162TAM,Helpline,Tamil Nadu,Chennai - Royapuram District,Chennai Zone Volunteers,9445190005,,http://www.stopcoronatn.in/img/help_contact.jpg,Govt. of Tamil Nadu
HEL0163TAM,Helpline,Tamil Nadu,Chennai - Sholinganallur District,Chennai Zone Volunteers,9445190015,,http://www.stopcoronatn.in/img/help_contact.jpg,Govt. of Tamil Nadu
HEL0164TAM,Helpline,Tamil Nadu,Chennai - Teynampet District,Chennai Zone Volunteers,9445190009,,http://www.stopcoronatn.in/img/help_contact.jpg,Govt. of Tamil Nadu
HEL0165TAM,Helpline,Tamil Nadu,Chennai - Tiruvottiyur District,Chennai Zone Volunteers,9445190001,,http://www.stopcoronatn.in/img/help_contact.jpg,Govt. of Tamil Nadu
HEL0166TAM,Helpline,Tamil Nadu,Chennai - Tondiarpet District,Chennai Zone Volunteers,9445190004,,http://www.stopcoronatn.in/img/help_contact.jpg,Govt. of Tamil Nadu
HEL0167TAM,Helpline,Tamil Nadu,Chennai - Tvk Nagar District,Chennai Zone Volunteers,9445190006,,http://www.stopcoronatn.in/img/help_contact.jpg,Govt. of Tamil Nadu
HEL0168TAM,Helpline,Tamil Nadu,Chennai - Valasaravakkam District,Chennai Zone Volunteers,9445190011,,http://www.stopcoronatn.in/img/help_contact.jpg,Govt. of Tamil Nadu
HEL0169TAM,Helpline,Tamil Nadu,Coimbatore City,District Emergency Helpline for Covid 19,4221077,4222301114,http://www.stopcoronatn.in/whomtocontact.html,Govt. of Tamil Nadu
HEL0170TAM,Helpline,Tamil Nadu,Cuddalore District,District Emergency Helpline for Covid 19,41421077,4142220700,http://www.stopcoronatn.in/whomtocontact.html,Govt. of Tamil Nadu
HEL0171TAM,Helpline,Tamil Nadu,Dharmapuri District,District Emergency Helpline for Covid 19,43421077,4342230562,http://www.stopcoronatn.in/whomtocontact.html,Govt. of Tamil Nadu
HEL0172TAM,Helpline,Tamil Nadu,Dindugul District,District Emergency Helpline for Covid 19,4511077,4512460320,http://www.stopcoronatn.in/whomtocontact.html,Govt. of Tamil Nadu
HEL0173TAM,Helpline,Tamil Nadu,Erode District,District Emergency Helpline for Covid 19,4241077,4242260211,http://www.stopcoronatn.in/whomtocontact.html,Govt. of Tamil Nadu
HEL0174TAM,Helpline,Tamil Nadu,Statewide,24X7 Helpline Numbers For Persons With Disabilities & Senior Citizens,18004250111,,http://www.stopcoronatn.in/files/COVID_19_24X7_Healpline_for_Persons_with_Disabilities_&_Senior_Citizens.pdf,Govt. of Tamil Nadu
HEL0175TAM,Helpline,Tamil Nadu,Kallakurichi District,District Emergency Helpline for Covid 19,41511077,4151220000,http://www.stopcoronatn.in/whomtocontact.html,Govt. of Tamil Nadu
HEL0176TAM,Helpline,Tamil Nadu,Kancheepuram District,District Emergency Helpline for Covid 19,441077,4427237107,http://www.stopcoronatn.in/whomtocontact.html,Govt. of Tamil Nadu
HEL0177TAM,Helpline,Tamil Nadu,Kanyakumari District,District Emergency Helpline for Covid 19,46521077,4652231077,http://www.stopcoronatn.in/whomtocontact.html,Govt. of Tamil Nadu
HEL0178TAM,Helpline,Tamil Nadu,Karur District,District Emergency Helpline for Covid 19,43241077,4324256306,http://www.stopcoronatn.in/whomtocontact.html,Govt. of Tamil Nadu
HEL0179TAM,Helpline,Tamil Nadu,Krishnagiri District,District Emergency Helpline for Covid 19,43431077,4343234424,http://www.stopcoronatn.in/whomtocontact.html,Govt. of Tamil Nadu
HEL0180TAM,Helpline,Tamil Nadu,Madurai District,District Emergency Helpline for Covid 19,4521077,4522546160,http://www.stopcoronatn.in/whomtocontact.html,Govt. of Tamil Nadu
HEL0181TAM,Helpline,Tamil Nadu,Nagapattinam District,District Emergency Helpline for Covid 19,43651077,4365252500,http://www.stopcoronatn.in/whomtocontact.html,Govt. of Tamil Nadu
HEL0182TAM,Helpline,Tamil Nadu,Namakkal District,District Emergency Helpline for Covid 19,42861077,4286281425,http://www.stopcoronatn.in/whomtocontact.html,Govt. of Tamil Nadu
HEL0183TAM,Helpline,Tamil Nadu,Perambalur District,District Emergency Helpline for Covid 19,43281077,4328224455,http://www.stopcoronatn.in/whomtocontact.html,Govt. of Tamil Nadu
HEL0184TAM,Helpline,Tamil Nadu,Pudukottai District,District Emergency Helpline for Covid 19,43221077,4322222207,http://www.stopcoronatn.in/whomtocontact.html,Govt. of Tamil Nadu
HEL0185TAM,Helpline,Tamil Nadu,Ramanathapuram District,District Emergency Helpline for Covid 19,45671077,4567230060,http://www.stopcoronatn.in/whomtocontact.html,Govt. of Tamil Nadu
HEL0186TAM,Helpline,Tamil Nadu,Ranipet District,District Emergency Helpline for Covid 19,4161077,4162258016,http://www.stopcoronatn.in/whomtocontact.html,Govt. of Tamil Nadu
HEL0187TAM,Helpline,Tamil Nadu,Salem District,District Emergency Helpline for Covid 19,4271077,4272452202,http://www.stopcoronatn.in/whomtocontact.html,Govt. of Tamil Nadu
HEL0188TAM,Helpline,Tamil Nadu,Sivaganga District,District Emergency Helpline for Covid 19,45751077,4575246233,http://www.stopcoronatn.in/whomtocontact.html,Govt. of Tamil Nadu
HEL0189TAM,Helpline,Tamil Nadu,Tenkasi District,District Emergency Helpline for Covid 19,4621077,4622501070,http://www.stopcoronatn.in/whomtocontact.html,Govt. of Tamil Nadu
HEL0190TAM,Helpline,Tamil Nadu,Thanjavur District,District Emergency Helpline for Covid 19,43621077,4362230121,http://www.stopcoronatn.in/whomtocontact.html,Govt. of Tamil Nadu
HEL0191TAM,Helpline,Tamil Nadu,The Nilgiris District,District Emergency Helpline for Covid 19,4231077,4232444012,http://www.stopcoronatn.in/whomtocontact.html,Govt. of Tamil Nadu
HEL0192TAM,Helpline,Tamil Nadu,Theni District,District Emergency Helpline for Covid 19,45461077,4546261093,http://www.stopcoronatn.in/whomtocontact.html,Govt. of Tamil Nadu
HEL0193TAM,Helpline,Tamil Nadu,Thoothukudi District,District Emergency Helpline for Covid 19,4611077,4612340101,http://www.stopcoronatn.in/whomtocontact.html,Govt. of Tamil Nadu
HEL0194TAM,Helpline,Tamil Nadu,Statewide,Pan India Helpline Numbers of States & UT's,4429510500,,https://www.mohfw.gov.in/pdf/coronvavirushelplinenumber.pdf,Ministry of Health - India
HEL0195TAM,Helpline,Tamil Nadu,Tirunelveli District,District Emergency Helpline for Covid 19,4621077,4622501070,http://www.stopcoronatn.in/whomtocontact.html,Govt. of Tamil Nadu
HEL0196TAM,Helpline,Tamil Nadu,Tirupattur District,District Emergency Helpline for Covid 19,41791077,4179222111,http://www.stopcoronatn.in/whomtocontact.html,Govt. of Tamil Nadu
HEL0197TAM,Helpline,Tamil Nadu,Tiruppur District,District Emergency Helpline for Covid 19,4211077,4212971199,http://www.stopcoronatn.in/whomtocontact.html,Govt. of Tamil Nadu
HEL0198TAM,Helpline,Tamil Nadu,Tiruvallur District,District Emergency Helpline for Covid 19,441077,4427664177,http://www.stopcoronatn.in/whomtocontact.html,Govt. of Tamil Nadu
HEL0199TAM,Helpline,Tamil Nadu,Tiruvannamalai District,District Emergency Helpline for Covid 19,41751077,4175232377,http://www.stopcoronatn.in/whomtocontact.html,Govt. of Tamil Nadu
HEL0200TAM,Helpline,Tamil Nadu,Tiruvarur District,District Emergency Helpline for Covid 19,43661077,4366226623,http://www.stopcoronatn.in/whomtocontact.html,Govt. of Tamil Nadu
HEL0201TAM,Helpline,Tamil Nadu,Trichy District,District Emergency Helpline for Covid 19,4311077,4312418995,http://www.stopcoronatn.in/whomtocontact.html,Govt. of Tamil Nadu
HEL0202TAM,Helpline,Tamil Nadu,Vellore District,District Emergency Helpline for Covid 19,4161077,4162258016,http://www.stopcoronatn.in/whomtocontact.html,Govt. of Tamil Nadu
HEL0203TAM,Helpline,Tamil Nadu,Villupuram District,District Emergency Helpline for Covid 19,41461077,4146223265,http://www.stopcoronatn.in/whomtocontact.html,Govt. of Tamil Nadu
HEL0204TAM,Helpline,Tamil Nadu,Virudhunagar District,District Emergency Helpline for Covid 19,45621077,4562252601,http://www.stopcoronatn.in/whomtocontact.html,Govt. of Tamil Nadu
HEL0205TEL,Helpline,Telangana,Statewide,Pan India Helpline Numbers of States & UT's,104,,https://www.mohfw.gov.in/pdf/coronvavirushelplinenumber.pdf,Ministry of Health - India
HEL0206TRI,Helpline,Tripura,Dhalai District,District Emergency Helpline for Covid 19,9436464945,9436132416,https://tripura.gov.in/covid-test,Govt. of Tripura
HEL0207TRI,Helpline,Tripura,Gomati District,District Emergency Helpline for Covid 19,9436106361,,https://tripura.gov.in/covid-test,Govt. of Tripura
HEL0208TRI,Helpline,Tripura,Khowai District,District Emergency Helpline for Covid 19,3825222229,,https://tripura.gov.in/covid-test,Govt. of Tripura
HEL0209TRI,Helpline,Tripura,North Tripura District,District Emergency Helpline for Covid 19,9436502453,9436130414,https://tripura.gov.in/covid-test,Govt. of Tripura
HEL0210TRI,Helpline,Tripura,Statewide,Covid 19 State Helpline Number,3812315879,,https://tripura.gov.in/covid-test,Govt. of Tripura
HEL0211TRI,Helpline,Tripura,Sepahiijala District,District Emergency Helpline for Covid 19,9862752963,9862557952,https://tripura.gov.in/covid-test,Govt. of Tripura
HEL0212TRI,Helpline,Tripura,South Tripura District,District Emergency Helpline for Covid 19,3823222145,,https://tripura.gov.in/covid-test,Govt. of Tripura
HEL0213TRI,Helpline,Tripura,Unakoti District,District Emergency Helpline for Covid 19,9862036563,,https://tripura.gov.in/covid-test,Govt. of Tripura
HEL0214TRI,Helpline,Tripura,West Tripura District,District Emergency Helpline for Covid 19,3812323945,,https://tripura.gov.in/covid-test,Govt. of Tripura
HEL0215UTT,Helpline,Uttar Pradesh,Statewide,Pan India Helpline Numbers of States & UT's,18001805145,,https://www.mohfw.gov.in/pdf/coronvavirushelplinenumber.pdf,Ministry of Health - India
HEL0216UTT,Helpline,Uttarakhand,Statewide,Pan India Helpline Numbers of States & UT's,104,,https://www.mohfw.gov.in/pdf/coronvavirushelplinenumber.pdf,Ministry of Health - India
HEL0217WES,Helpline,West Bengal,Statewide,Pan India Helpline Numbers of States & UT's,1800313444222,3323412600,https://www.mohfw.gov.in/pdf/coronvavirushelplinenumber.pdf,Ministry of Health - India
HEL0218DEL,Helpline,Delhi,Statewide,Covid 19 State Helpline Number,1122391014,,http://health.delhigovt.nic.in/wps/wcm/connect/3401d5804dbc9e69a902ff982ee7a5c7/HL.pdf?MOD=AJPERES&lmod=719880877&CACHEID=3401d5804dbc9e69a902ff982ee7a5c7,Govt. Of Delhi
HEL0219DEL,Helpline,Delhi,Statewide,Covid 19 State Helpline Number,1122301028,,http://health.delhigovt.nic.in/wps/wcm/connect/3401d5804dbc9e69a902ff982ee7a5c7/HL.pdf?MOD=AJPERES&lmod=719880877&CACHEID=3401d5804dbc9e69a902ff982ee7a5c7,Govt. Of Delhi
HEL0220DEL,Helpline,Delhi,Statewide,Covid 19 State Helpline Number,1122302441,,http://health.delhigovt.nic.in/wps/wcm/connect/3401d5804dbc9e69a902ff982ee7a5c7/HL.pdf?MOD=AJPERES&lmod=719880877&CACHEID=3401d5804dbc9e69a902ff982ee7a5c7,Govt. Of Delhi
HEL0221DEL,Helpline,Delhi,Statewide,Covid 19 State Helpline Number,1122307133,,http://health.delhigovt.nic.in/wps/wcm/connect/3401d5804dbc9e69a902ff982ee7a5c7/HL.pdf?MOD=AJPERES&lmod=719880877&CACHEID=3401d5804dbc9e69a902ff982ee7a5c7,Govt. Of Delhi
HEL0222DEL,Helpline,Delhi,Statewide,Covid 19 State Helpline Number,1122304568,,http://health.delhigovt.nic.in/wps/wcm/connect/3401d5804dbc9e69a902ff982ee7a5c7/HL.pdf?MOD=AJPERES&lmod=719880877&CACHEID=3401d5804dbc9e69a902ff982ee7a5c7,Govt. Of Delhi
HEL0223DEL,Helpline,Delhi,Statewide,Covid 19 State Helpline Number,1122307745,,http://health.delhigovt.nic.in/wps/wcm/connect/3401d5804dbc9e69a902ff982ee7a5c7/HL.pdf?MOD=AJPERES&lmod=719880877&CACHEID=3401d5804dbc9e69a902ff982ee7a5c7,Govt. Of Delhi
HEL0224DEL,Helpline,Delhi,Statewide,Covid 19 State Helpline Number,1122307135,,http://health.delhigovt.nic.in/wps/wcm/connect/3401d5804dbc9e69a902ff982ee7a5c7/HL.pdf?MOD=AJPERES&lmod=719880877&CACHEID=3401d5804dbc9e69a902ff982ee7a5c7,Govt. Of Delhi
HEL0225DEL,Helpline,Delhi,Statewide,Covid 19 State Helpline Number,1122300012,,http://health.delhigovt.nic.in/wps/wcm/connect/3401d5804dbc9e69a902ff982ee7a5c7/HL.pdf?MOD=AJPERES&lmod=719880877&CACHEID=3401d5804dbc9e69a902ff982ee7a5c7,Govt. Of Delhi
HEL0226DEL,Helpline,Delhi,Statewide,Covid 19 State Helpline Number,1122300036,,http://health.delhigovt.nic.in/wps/wcm/connect/3401d5804dbc9e69a902ff982ee7a5c7/HL.pdf?MOD=AJPERES&lmod=719880877&CACHEID=3401d5804dbc9e69a902ff982ee7a5c7,Govt. Of Delhi
HEL0227GOA,Helpline,Goa,North District,Food Supply For Homeless And Needy,9423890077,,https://www.goa.gov.in/wp-content/uploads/2020/03/Food-Helpline.pdf,Govt. Of Goa
HEL0228GOA,Helpline,Goa,South District,Food Supply For Homeless And Needy,9423890066,,https://www.goa.gov.in/wp-content/uploads/2020/03/Food-Helpline.pdf,Govt. Of Goa
HEL0229ODI,Helpline,Odisha,Statewide,State Covid Helpline Number,104,,https://health.odisha.gov.in/,Govt. of Odisha
HEL0230ODI,Helpline,Odisha,Statewide,Odia Workers Stranded In Other States,6742392115,,https://health.odisha.gov.in/,Govt. of Odisha
HEL0231ODI,Helpline,Odisha,Statewide,People Of Other States Stranded In Odisha,18003456703,,https://health.odisha.gov.in/,Govt. of Odisha
HEL0232ODI,Helpline,Odisha,Statewide,Sanjog Helpline - Traders / Shopkeepers / Wholesalers,155335,,https://health.odisha.gov.in/,Govt. of Odisha
HEL0233NAG,Helpline,Nagaland,Statewide,Covid 19 State Helpline Number,7005539653,9856071745,https://nagahealth.nagaland.gov.in/wp-content/uploads/2020/03/Compulsory-Home-Quarantine-21st-March-2020.pdf,Govt. of Nagaland
HEL0234NAG,Helpline,Nagaland,Statewide,Toll Free Covid Helpline,1075,102,https://nagahealth.nagaland.gov.in/wp-content/uploads/2020/03/Compulsory-Home-Quarantine-21st-March-2020.pdf,Govt. of Nagaland
HEL0235NAG,Helpline,Nagaland,Statewide,Covid 19 State Helpline Number,7005415243,1123978046,https://nagahealth.nagaland.gov.in/wp-content/uploads/2020/03/Compulsory-Home-Quarantine-21st-March-2020.pdf,Govt. of Nagaland
HEL0236LAD,Helpline,Ladakh,Statewide,Health Department,9149913422,9419804574,https://cdn.s3waas.gov.in/s341ae36ecb9b3eee609d05b90c14222fb/uploads/2020/04/2020041065.jpg,Govt. of Ladakh
HEL0237LAD,Helpline,Ladakh,Statewide,Labour Department,9469735599,,https://cdn.s3waas.gov.in/s341ae36ecb9b3eee609d05b90c14222fb/uploads/2020/04/2020041065.jpg,Govt. of Ladakh
HEL0238LAD,Helpline,Ladakh,Statewide,Ambulance,6005599638,9419177031,https://cdn.s3waas.gov.in/s341ae36ecb9b3eee609d05b90c14222fb/uploads/2020/04/2020041065.jpg,Govt. of Ladakh
HEL0239LAD,Helpline,Ladakh,Statewide,"Department Of Food, Civil Supplies And Consumer Affairs",9419178303,,https://cdn.s3waas.gov.in/s341ae36ecb9b3eee609d05b90c14222fb/uploads/2020/04/2020041065.jpg,Govt. of Ladakh
HEL0240LAD,Helpline,Ladakh,Statewide,Cooperative Department,9419818947,,https://cdn.s3waas.gov.in/s341ae36ecb9b3eee609d05b90c14222fb/uploads/2020/04/2020041065.jpg,Govt. of Ladakh
HEL0241LAD,Helpline,Ladakh,Statewide,Transport Department,9419176122,,https://cdn.s3waas.gov.in/s341ae36ecb9b3eee609d05b90c14222fb/uploads/2020/04/2020041065.jpg,Govt. of Ladakh
HEL0242LAD,Helpline,Ladakh,Statewide,Merchant Association,9419181930,,https://cdn.s3waas.gov.in/s341ae36ecb9b3eee609d05b90c14222fb/uploads/2020/04/2020041065.jpg,Govt. of Ladakh
HEL0243LAD,Helpline,Ladakh,Statewide,Public Helath Engineering Department,9419137021,,https://cdn.s3waas.gov.in/s341ae36ecb9b3eee609d05b90c14222fb/uploads/2020/04/2020041065.jpg,Govt. of Ladakh
HEL0244LAD,Helpline,Ladakh,Statewide,Lpg Cylinders - Ioc,9419554677,,https://cdn.s3waas.gov.in/s341ae36ecb9b3eee609d05b90c14222fb/uploads/2020/04/2020041065.jpg,Govt. of Ladakh
HEL0245LAD,Helpline,Ladakh,Statewide,Lpg Cylinders - Hp,9469613034,,https://cdn.s3waas.gov.in/s341ae36ecb9b3eee609d05b90c14222fb/uploads/2020/04/2020041065.jpg,Govt. of Ladakh
HEL0246LAD,Helpline,Ladakh,Statewide,Municipal Committee,9797978086,,https://cdn.s3waas.gov.in/s341ae36ecb9b3eee609d05b90c14222fb/uploads/2020/04/2020041065.jpg,Govt. of Ladakh
HEL0247LAD,Helpline,Ladakh,Statewide,Zojila Nh Status,7015603866,,https://cdn.s3waas.gov.in/s341ae36ecb9b3eee609d05b90c14222fb/uploads/2020/04/2020041065.jpg,Govt. of Ladakh
HEL0248LAD,Helpline,Ladakh,Statewide,Veterinary Department,9419218483,,https://cdn.s3waas.gov.in/s341ae36ecb9b3eee609d05b90c14222fb/uploads/2020/04/2020041065.jpg,Govt. of Ladakh
HEL0249LAD,Helpline,Ladakh,Statewide,Medical Helpline - Essential Supply of Medicine,9419978801,,https://cdn.s3waas.gov.in/s341ae36ecb9b3eee609d05b90c14222fb/uploads/2020/04/2020041065.jpg,Govt. of Ladakh
HEL0250LAD,Helpline,Ladakh,Statewide,Quarantine Facility Helpline Number,9419818866,,https://cdn.s3waas.gov.in/s341ae36ecb9b3eee609d05b90c14222fb/uploads/2020/04/2020041065.jpg,Govt. of Ladakh
HEL0251LAD,Helpline,Ladakh,Statewide,Chemists/Pharmacy,7006964471,9469490410,https://cdn.s3waas.gov.in/s341ae36ecb9b3eee609d05b90c14222fb/uploads/2020/04/2020041065.jpg,Govt. of Ladakh
HEL0252LAD,Helpline,Ladakh,Statewide,Chemists/Pharmacy,9419889045,9469246748,https://cdn.s3waas.gov.in/s341ae36ecb9b3eee609d05b90c14222fb/uploads/2020/04/2020041065.jpg,Govt. of Ladakh
HEL0253LAD,Helpline,Ladakh,Statewide,Chemists/Pharmacy,8494008414,9419177301,https://cdn.s3waas.gov.in/s341ae36ecb9b3eee609d05b90c14222fb/uploads/2020/04/2020041065.jpg,Govt. of Ladakh
HEL0254LAD,Helpline,Ladakh,Statewide,Chemists/Pharmacy,7051120109,9469229034,https://cdn.s3waas.gov.in/s341ae36ecb9b3eee609d05b90c14222fb/uploads/2020/04/2020041065.jpg,Govt. of Ladakh
HEL0255LAD,Helpline,Ladakh,Statewide,Chemists/Pharmacy,9469785970,6005904031,https://cdn.s3waas.gov.in/s341ae36ecb9b3eee609d05b90c14222fb/uploads/2020/04/2020041065.jpg,Govt. of Ladakh
HEL0256LAD,Helpline,Ladakh,Statewide,Chemists/Pharmacy,9469207244,6469737510,https://cdn.s3waas.gov.in/s341ae36ecb9b3eee609d05b90c14222fb/uploads/2020/04/2020041065.jpg,Govt. of Ladakh
HEL0257LAD,Helpline,Ladakh,Statewide,Chemists/Pharmacy,9419204594,7780894463,https://cdn.s3waas.gov.in/s341ae36ecb9b3eee609d05b90c14222fb/uploads/2020/04/2020041065.jpg,Govt. of Ladakh
HEL0258LAD,Helpline,Ladakh,Statewide,Chemists/Pharmacy,9469172595,9419805994,https://cdn.s3waas.gov.in/s341ae36ecb9b3eee609d05b90c14222fb/uploads/2020/04/2020041065.jpg,Govt. of Ladakh
HEL0259LAD,Helpline,Ladakh,Statewide,24x7 Helpline Number for COVID,9419176827,9622679469,https://cdn.s3waas.gov.in/s341ae36ecb9b3eee609d05b90c14222fb/uploads/2020/04/2020041065.jpg,Govt. of Ladakh
HEL0015AND,Helpline,Andhra Pradesh,Statewide,Health Advisory Helpline,104,,http://cfw.ap.nic.in/pdf/District%20COVID-19%20Call%20Centers.pdf,State Department of Health - Andhra Pradesh
HEL0261MAH,Helpline,Maharashtra,Mumbai,Other Emergencies,1916,,https://twitter.com/mybmc/status/1246752770587148292/photo/1,Brihanmumbai Municipal Corporation
HEL0262NAT,Helpline,National,Nationwide,Whatsapp Chatbot,9013151515,,https://www.gadgetsnow.com/slideshows/coronavirus-in-india-live-helpdesks-central-and-state-helpline-numbers-and-email-ids-you-need-to-know/Psycho-social-helpline-number-08046110007/photolist/75115470.cms,
HEL0263TRI,Helpline,Tripura,Statewide,Corona Helpdesk Whatsapp Number,9013151515,,https://tripura.gov.in/covid-test,Govt. of Tripura
HEL0264AND,Helpline,Andaman and Nicobar,Mayabunder Teshil,Groccery Supplies & Essential Commodities,9531841515,9476090704,https://www.andaman.gov.in/admin-pannel/whatsnew/1-1039-ESSENTIAL%20VENDORS.pdf,Govt. of Andaman
HEL0265AND,Helpline,Andaman and Nicobar,Mayabunder Teshil,Groccery Supplies & Essential Commodities,9531841536,9474218930,https://www.andaman.gov.in/admin-pannel/whatsnew/1-1039-ESSENTIAL%20VENDORS.pdf,Govt. of Andaman
HEL0266AND,Helpline,Andaman and Nicobar,Mayabunder Teshil,Groccery Supplies & Essential Commodities,9476001323,3192270616,https://www.andaman.gov.in/admin-pannel/whatsnew/1-1039-ESSENTIAL%20VENDORS.pdf,Govt. of Andaman
HEL0267AND,Helpline,Andaman and Nicobar,Rangat Teshil,Groccery Supplies & Essential Commodities,9434276163,9933290818,https://www.andaman.gov.in/admin-pannel/whatsnew/1-1039-ESSENTIAL%20VENDORS.pdf,Govt. of Andaman
HEL0268AND,Helpline,Andaman and Nicobar,Rangat Teshil,Groccery Supplies & Essential Commodities,9474202126,9769569132,https://www.andaman.gov.in/admin-pannel/whatsnew/1-1039-ESSENTIAL%20VENDORS.pdf,Govt. of Andaman
HEL0269AND,Helpline,Andaman and Nicobar,Rangat Teshil,Groccery Supplies & Essential Commodities,9933281999,9476017891,https://www.andaman.gov.in/admin-pannel/whatsnew/1-1039-ESSENTIAL%20VENDORS.pdf,Govt. of Andaman
HEL0270AND,Helpline,Andaman and Nicobar,Diglipur Teshil,Groccery Supplies & Essential Commodities,9476089825,3192271825,https://www.andaman.gov.in/admin-pannel/whatsnew/1-1039-ESSENTIAL%20VENDORS.pdf,Govt. of Andaman
HEL0271AND,Helpline,Andaman and Nicobar,Diglipur Teshil,Groccery Supplies & Essential Commodities,9679577068,3192272555,https://www.andaman.gov.in/admin-pannel/whatsnew/1-1039-ESSENTIAL%20VENDORS.pdf,Govt. of Andaman
HEL0272AND,Helpline,Andaman and Nicobar,Diglipur Teshil,Groccery Supplies & Essential Commodities,9474210096,9474241669,https://www.andaman.gov.in/admin-pannel/whatsnew/1-1039-ESSENTIAL%20VENDORS.pdf,Govt. of Andaman
HEL0273AND,Helpline,Andaman and Nicobar,Mayabunder Teshil,Medical Supplies - Anban Medical,9474241408,,https://www.andaman.gov.in/admin-pannel/whatsnew/1-1039-ESSENTIAL%20VENDORS.pdf,Govt. of Andaman
HEL0274AND,Helpline,Andaman and Nicobar,Mayabunder Teshil,Medical Supplies - Joshua Medical,9474272844,,https://www.andaman.gov.in/admin-pannel/whatsnew/1-1039-ESSENTIAL%20VENDORS.pdf,Govt. of Andaman
HEL0275AND,Helpline,Andaman and Nicobar,Mayabunder Teshil,Medical Supplies - Casio Medical,9434298718,,https://www.andaman.gov.in/admin-pannel/whatsnew/1-1039-ESSENTIAL%20VENDORS.pdf,Govt. of Andaman
HEL0276AND,Helpline,Andaman and Nicobar,Rangat Teshil,Medical Supplies - Bahuelyan,9531863066,,https://www.andaman.gov.in/admin-pannel/whatsnew/1-1039-ESSENTIAL%20VENDORS.pdf,Govt. of Andaman
HEL0277AND,Helpline,Andaman and Nicobar,Rangat Teshil,Medical Supplies - Shivapuram,9434298718,,https://www.andaman.gov.in/admin-pannel/whatsnew/1-1039-ESSENTIAL%20VENDORS.pdf,Govt. of Andaman
HEL0278AND,Helpline,Andaman and Nicobar,Diglipur Teshil,Medical Supplies - Andaman Mecial,9434275723,,https://www.andaman.gov.in/admin-pannel/whatsnew/1-1039-ESSENTIAL%20VENDORS.pdf,Govt. of Andaman
HEL0279AND,Helpline,Andaman and Nicobar,Diglipur Teshil,Medical Supplies - Sree Maha Medical,9474266795,,https://www.andaman.gov.in/admin-pannel/whatsnew/1-1039-ESSENTIAL%20VENDORS.pdf,Govt. of Andaman
HEL0280AND,Helpline,Andaman and Nicobar,Diglipur Teshil,Medical Supplies - Surya Medical,9476042126,,https://www.andaman.gov.in/admin-pannel/whatsnew/1-1039-ESSENTIAL%20VENDORS.pdf,Govt. of Andaman
HEL0281AND,Helpline,Andaman and Nicobar,Diglipur Teshil,Medical Supplies - Jai Guru Medical,9531944317,,https://www.andaman.gov.in/admin-pannel/whatsnew/1-1039-ESSENTIAL%20VENDORS.pdf,Govt. of Andaman
HEL0282AND,Helpline,Andaman and Nicobar,Bharatang,Medical Supplies - PHC,9474267575,9476007575,https://www.andaman.gov.in/admin-pannel/whatsnew/1-1039-ESSENTIAL%20VENDORS.pdf,Govt. of Andaman
HEL0283AND,Helpline,Andaman and Nicobar,Kadamtala,Medical Supplies - PHC,9476004206,9434283102,https://www.andaman.gov.in/admin-pannel/whatsnew/1-1039-ESSENTIAL%20VENDORS.pdf,Govt. of Andaman
HEL0284AND,Helpline,Andaman and Nicobar,Long Island,Medical Supplies - PHC,9476015710,9474232906,https://www.andaman.gov.in/admin-pannel/whatsnew/1-1039-ESSENTIAL%20VENDORS.pdf,Govt. of Andaman
HEL0285AND,Helpline,Andaman and Nicobar,Rangat,Medical Supplies - CHC,9434267070,9434262800,https://www.andaman.gov.in/admin-pannel/whatsnew/1-1039-ESSENTIAL%20VENDORS.pdf,Govt. of Andaman
HEL0286AND,Helpline,Andaman and Nicobar,Billiground,Medical Supplies - PHC,9476073430,9474214166,https://www.andaman.gov.in/admin-pannel/whatsnew/1-1039-ESSENTIAL%20VENDORS.pdf,Govt. of Andaman
HEL0287AND,Helpline,Andaman and Nicobar,Tugapur,Medical Supplies - PHC,9434297629,9476008188,https://www.andaman.gov.in/admin-pannel/whatsnew/1-1039-ESSENTIAL%20VENDORS.pdf,Govt. of Andaman
HEL0288AND,Helpline,Andaman and Nicobar,Statewide,Medical Supplies - DR RP Hospital,9476011474,9679542659,https://www.andaman.gov.in/admin-pannel/whatsnew/1-1039-ESSENTIAL%20VENDORS.pdf,Govt. of Andaman
HEL0289AND,Helpline,Andaman and Nicobar,Kishorinagar,Medical Supplies - PHC,9476096501,9474259404,https://www.andaman.gov.in/admin-pannel/whatsnew/1-1039-ESSENTIAL%20VENDORS.pdf,Govt. of Andaman
HEL0290AND,Helpline,Andaman and Nicobar,Kalighat,Medical Supplies - PHC,9434290854,9474208080,https://www.andaman.gov.in/admin-pannel/whatsnew/1-1039-ESSENTIAL%20VENDORS.pdf,Govt. of Andaman
HEL0291AND,Helpline,Andaman and Nicobar,Radha Nagar,Medical Supplies - PHC,9434280135,9540686577,https://www.andaman.gov.in/admin-pannel/whatsnew/1-1039-ESSENTIAL%20VENDORS.pdf,Govt. of Andaman
HEL0292AND,Helpline,Andaman and Nicobar,Diglipur,Medical Supplies - CHC,9474259314,9434288559,https://www.andaman.gov.in/admin-pannel/whatsnew/1-1039-ESSENTIAL%20VENDORS.pdf,Govt. of Andaman
HEL0293GOA,Helpline,Goa,Statewide,Medical Helpline - Essential Supply of Medicine,7823026971,,https://www.goa.gov.in/wp-content/uploads/2020/03/Medical-Helpline-.pdf,Govt. Of Goa
HEL0294HAR,Helpline,Haryana,Statewide,Fire & Rescue,101,,https://haryana.gov.in/helpline/index.html,Haryana Govt
HEL0295HAR,Helpline,Haryana,Statewide,Helpdesk Toll Free No,18001802128,,https://haryana.gov.in/helpline/index.html,Haryana Govt
HEL0296HAR,Helpline,Haryana,Statewide,Child Helpline,1098,,https://haryana.gov.in/helpline/index.html,Haryana Govt
HEL0297HAR,Helpline,Haryana,Statewide,Women Helpline,1091,,https://haryana.gov.in/helpline/index.html,Haryana Govt
HEL0298HAR,Helpline,Haryana,Statewide,Ambulance,108,,https://haryana.gov.in/helpline/index.html,Haryana Govt
HEL0299HAR,Helpline,Haryana,Statewide,Police control room,100,,https://haryana.gov.in/helpline/index.html,Haryana Govt
HEL0300HAR,Helpline,Haryana,Ambala,District Emergency Helpline for Covid 19,7496854623,9729179275,https://cdn.s3waas.gov.in/s36e7b33fdea3adc80ebd648fffb665bb8/uploads/2020/04/2020040732.pdf,Haryana Govt
HEL0301HAR,Helpline,Haryana,Bhiwani,District Emergency Helpline for Covid 19,1664242110,7027847102,https://cdn.s3waas.gov.in/s36e7b33fdea3adc80ebd648fffb665bb8/uploads/2020/04/2020040732.pdf,Haryana Govt
HEL0302HAR,Helpline,Haryana,Gurugram,District Emergency Helpline for Covid 19,9953618102,1242322412,https://cdn.s3waas.gov.in/s36e7b33fdea3adc80ebd648fffb665bb8/uploads/2020/04/2020040732.pdf,Haryana Govt
HEL0303HAR,Helpline,Haryana,Hisar,District Emergency Helpline for Covid 19,7027830252,,https://cdn.s3waas.gov.in/s36e7b33fdea3adc80ebd648fffb665bb8/uploads/2020/04/2020040732.pdf,Haryana Govt
HEL0304HAR,Helpline,Haryana,Hisar,District Medical Helpline for Covid 19,1662231137,,https://cdn.s3waas.gov.in/s36e7b33fdea3adc80ebd648fffb665bb8/uploads/2020/04/2020040732.pdf,Haryana Govt
HEL0305HAR,Helpline,Haryana,Kaithal,District Emergency Helpline for Covid 19,9896317010,9996937500,https://cdn.s3waas.gov.in/s36e7b33fdea3adc80ebd648fffb665bb8/uploads/2020/04/2020040732.pdf,Haryana Govt
HEL0306HAR,Helpline,Haryana,Karnal,District Emergency Helpline for Covid 19,1842272201,9817701572,https://cdn.s3waas.gov.in/s36e7b33fdea3adc80ebd648fffb665bb8/uploads/2020/04/2020040732.pdf,Haryana Govt
HEL0307HAR,Helpline,Haryana,Kurukshetra,District Emergency Helpline for Covid 19,1744259285,1744220271,https://cdn.s3waas.gov.in/s36e7b33fdea3adc80ebd648fffb665bb8/uploads/2020/04/2020040732.pdf,Haryana Govt
HEL0308HAR,Helpline,Haryana,Kurukshetra,District Emergency Helpline for Covid 19,1744227777,1744220270,https://cdn.s3waas.gov.in/s36e7b33fdea3adc80ebd648fffb665bb8/uploads/2020/04/2020040732.pdf,Haryana Govt
HEL0309HAR,Helpline,Haryana,Kurukshetra,District Emergency Helpline for Covid 19,7027854102,,https://cdn.s3waas.gov.in/s36e7b33fdea3adc80ebd648fffb665bb8/uploads/2020/04/2020040732.pdf,Haryana Govt
HEL0310HAR,Helpline,Haryana,Kurukshetra,District Emergency Civil Surgeon Helpline,1744270344,,https://cdn.s3waas.gov.in/s36e7b33fdea3adc80ebd648fffb665bb8/uploads/2020/04/2020040732.pdf,Haryana Govt
HEL0311HAR,Helpline,Haryana,Mahendergarh,District Emergency Helpline for Covid 19,9306754767,,https://cdn.s3waas.gov.in/s36e7b33fdea3adc80ebd648fffb665bb8/uploads/2020/04/2020040732.pdf,Haryana Govt
HEL0312HAR,Helpline,Haryana,Mewat / Nuh,District Emergency Helpline for Covid 19,9254333102,7027855102,https://cdn.s3waas.gov.in/s36e7b33fdea3adc80ebd648fffb665bb8/uploads/2020/04/2020040732.pdf,Haryana Govt
HEL0313HAR,Helpline,Haryana,Palwal,District Emergency Helpline for Covid 19,1275240022,,https://cdn.s3waas.gov.in/s36e7b33fdea3adc80ebd648fffb665bb8/uploads/2020/04/2020040732.pdf,Haryana Govt
HEL0314HAR,Helpline,Haryana,Panchkula,District Emergency Helpline for Covid 19,1722573901,1275248901,https://cdn.s3waas.gov.in/s36e7b33fdea3adc80ebd648fffb665bb8/uploads/2020/04/2020040732.pdf,Haryana Govt
HEL0315HAR,Helpline,Haryana,Panipat,District Emergency Helpline for Covid 19,1802640255,,https://cdn.s3waas.gov.in/s36e7b33fdea3adc80ebd648fffb665bb8/uploads/2020/04/2020040732.pdf,Haryana Govt
HEL0316HAR,Helpline,Haryana,Rohtak,District Emergency Helpline for Covid 19,7027816559,1262281031,https://cdn.s3waas.gov.in/s36e7b33fdea3adc80ebd648fffb665bb8/uploads/2020/04/2020040732.pdf,Haryana Govt
HEL0317HAR,Helpline,Haryana,Sirsa,District Emergency Helpline for Covid 19,1666248882,9812300947,https://cdn.s3waas.gov.in/s36e7b33fdea3adc80ebd648fffb665bb8/uploads/2020/04/2020040732.pdf,Haryana Govt
HEL0318HAR,Helpline,Haryana,Yamunanagar,District Emergency Helpline for Covid 19,7027972089,1732237801,https://cdn.s3waas.gov.in/s36e7b33fdea3adc80ebd648fffb665bb8/uploads/2020/04/2020040732.pdf,Haryana Govt
HEL0319HAR,Helpline,Haryana,Statewide,Financial Support to Unorganized Workers,172241850,,https://haryana.gov.in/project/covid-19-financial-support-to-unorganized-workers/index.html,Haryana Govt
HEL0320HAR,Helpline,Haryana,Statewide,Haryana Relief Camp Management System,1722741950,,https://haryana.gov.in/project/haryana-relief-camp-management-system/index.html,Haryana Govt
HEL0321HAR,Helpline,Haryana,Statewide,Sangharsh Senani,1722741950,,https://haryana.gov.in/project/covid-19-sangharsh-senani/index.html,Haryana Govt
HEL0322HAR,Helpline,Haryana,Statewide,Haraadesh,01722740118,,https://haryana.gov.in/project/haraadesh/index.html,Haryana Govt
HEL0323BIH,Helpline,Bihar,Araria,District Emergency Helpline for Covid 19,6453222309,,https://mapit.gov.in/covid-19/help-line/Bihar-COVID19-District-Level-Contact-Details.pdf,Bihar Govt
HEL0324BIH,Helpline,Bihar,Arwal,District Emergency Helpline for Covid 19,6337229494,6337228191,https://mapit.gov.in/covid-19/help-line/Bihar-COVID19-District-Level-Contact-Details.pdf,Bihar Govt
HEL0325BIH,Helpline,Bihar,Aurangabad,District Emergency Helpline for Covid 19,6186222066,,https://mapit.gov.in/covid-19/help-line/Bihar-COVID19-District-Level-Contact-Details.pdf,Bihar Govt
HEL0326BIH,Helpline,Bihar,Banka,District Emergency Helpline for Covid 19,6424223004,,https://mapit.gov.in/covid-19/help-line/Bihar-COVID19-District-Level-Contact-Details.pdf,Bihar Govt
HEL0327BIH,Helpline,Bihar,Begusarai,District Emergency Helpline for Covid 19,62432202200,6243222940,https://mapit.gov.in/covid-19/help-line/Bihar-COVID19-District-Level-Contact-Details.pdf,Bihar Govt
HEL0328BIH,Helpline,Bihar,Bhagalpur,District Emergency Helpline for Covid 19,6412421555,,https://mapit.gov.in/covid-19/help-line/Bihar-COVID19-District-Level-Contact-Details.pdf,Bihar Govt
HEL0329BIH,Helpline,Bihar,Bhojpur,District Emergency Helpline for Covid 19,6182248701,6182248702,https://mapit.gov.in/covid-19/help-line/Bihar-COVID19-District-Level-Contact-Details.pdf,Bihar Govt
HEL0330BIH,Helpline,Bihar,Buxar,District Emergency Helpline for Covid 19,6183223333,,https://mapit.gov.in/covid-19/help-line/Bihar-COVID19-District-Level-Contact-Details.pdf,Bihar Govt
HEL0331BIH,Helpline,Bihar,Darbhanga,District Emergency Helpline for Covid 19,6272245055,,https://mapit.gov.in/covid-19/help-line/Bihar-COVID19-District-Level-Contact-Details.pdf,Bihar Govt
HEL0332BIH,Helpline,Bihar,East Champaran,District Emergency Helpline for Covid 19,6252242418,,https://mapit.gov.in/covid-19/help-line/Bihar-COVID19-District-Level-Contact-Details.pdf,Bihar Govt
HEL0333BIH,Helpline,Bihar,Gaya,District Emergency Helpline for Covid 19,6312222259,,https://mapit.gov.in/covid-19/help-line/Bihar-COVID19-District-Level-Contact-Details.pdf,Bihar Govt
HEL0334BIH,Helpline,Bihar,Gopalganj,District Emergency Helpline for Covid 19,6156225509,6156224601,https://mapit.gov.in/covid-19/help-line/Bihar-COVID19-District-Level-Contact-Details.pdf,Bihar Govt
HEL0335BIH,Helpline,Bihar,Jamui,District Emergency Helpline for Covid 19,6345224610,,https://mapit.gov.in/covid-19/help-line/Bihar-COVID19-District-Level-Contact-Details.pdf,Bihar Govt
HEL0336BIH,Helpline,Bihar,Jehanabad,District Emergency Helpline for Covid 19,6114223145,,https://mapit.gov.in/covid-19/help-line/Bihar-COVID19-District-Level-Contact-Details.pdf,Bihar Govt
HEL0337BIH,Helpline,Bihar,Khagaria,District Emergency Helpline for Covid 19,6244222384,,https://mapit.gov.in/covid-19/help-line/Bihar-COVID19-District-Level-Contact-Details.pdf,Bihar Govt
HEL0338BIH,Helpline,Bihar,Kishanganj,District Emergency Helpline for Covid 19,6456225152,,https://mapit.gov.in/covid-19/help-line/Bihar-COVID19-District-Level-Contact-Details.pdf,Bihar Govt
HEL0339BIH,Helpline,Bihar,Kaimur,District Emergency Helpline for Covid 19,6189222080,,https://mapit.gov.in/covid-19/help-line/Bihar-COVID19-District-Level-Contact-Details.pdf,Bihar Govt
HEL0340BIH,Helpline,Bihar,Katihar,District Emergency Helpline for Covid 19,6452239025,6452239026,https://mapit.gov.in/covid-19/help-line/Bihar-COVID19-District-Level-Contact-Details.pdf,Bihar Govt
HEL0341BIH,Helpline,Bihar,Lakhisarai,District Emergency Helpline for Covid 19,6346233159,,https://mapit.gov.in/covid-19/help-line/Bihar-COVID19-District-Level-Contact-Details.pdf,Bihar Govt
HEL0342BIH,Helpline,Bihar,Munger,District Emergency Helpline for Covid 19,6344221001,,https://mapit.gov.in/covid-19/help-line/Bihar-COVID19-District-Level-Contact-Details.pdf,Bihar Govt
HEL0343BIH,Helpline,Bihar,Madhepura,District Emergency Helpline for Covid 19,6476222220,,https://mapit.gov.in/covid-19/help-line/Bihar-COVID19-District-Level-Contact-Details.pdf,Bihar Govt
HEL0344BIH,Helpline,Bihar,Muzaffarpur,District Emergency Helpline for Covid 19,6212212007,,https://mapit.gov.in/covid-19/help-line/Bihar-COVID19-District-Level-Contact-Details.pdf,Bihar Govt
HEL0345BIH,Helpline,Bihar,Nalanda,District Emergency Helpline for Covid 19,6112233168,,https://mapit.gov.in/covid-19/help-line/Bihar-COVID19-District-Level-Contact-Details.pdf,Bihar Govt
HEL0346BIH,Helpline,Bihar,Nawada,District Emergency Helpline for Covid 19,6324212122,,https://mapit.gov.in/covid-19/help-line/Bihar-COVID19-District-Level-Contact-Details.pdf,Bihar Govt
HEL0347BIH,Helpline,Bihar,Patna,District Emergency Helpline for Covid 19,6122219810,6122219116,https://mapit.gov.in/covid-19/help-line/Bihar-COVID19-District-Level-Contact-Details.pdf,Bihar Govt
HEL0348BIH,Helpline,Bihar,Purnia,District Emergency Helpline for Covid 19,6454242319,,https://mapit.gov.in/covid-19/help-line/Bihar-COVID19-District-Level-Contact-Details.pdf,Bihar Govt
HEL0349BIH,Helpline,Bihar,Rohtas,District Emergency Helpline for Covid 19,6184226093,,https://mapit.gov.in/covid-19/help-line/Bihar-COVID19-District-Level-Contact-Details.pdf,Bihar Govt
HEL0350BIH,Helpline,Bihar,Saharsa,District Emergency Helpline for Covid 19,6478222753,,https://mapit.gov.in/covid-19/help-line/Bihar-COVID19-District-Level-Contact-Details.pdf,Bihar Govt
HEL0351BIH,Helpline,Bihar,Samastipur,District Emergency Helpline for Covid 19,6274225065,,https://mapit.gov.in/covid-19/help-line/Bihar-COVID19-District-Level-Contact-Details.pdf,Bihar Govt
HEL0352BIH,Helpline,Bihar,Sheohar,District Emergency Helpline for Covid 19,6222257360,6222257061,https://mapit.gov.in/covid-19/help-line/Bihar-COVID19-District-Level-Contact-Details.pdf,Bihar Govt
HEL0353BIH,Helpline,Bihar,Sheikhpura,District Emergency Helpline for Covid 19,6341223333,,https://mapit.gov.in/covid-19/help-line/Bihar-COVID19-District-Level-Contact-Details.pdf,Bihar Govt
HEL0354BIH,Helpline,Bihar,Saran,District Emergency Helpline for Covid 19,6152245023,,https://mapit.gov.in/covid-19/help-line/Bihar-COVID19-District-Level-Contact-Details.pdf,Bihar Govt
HEL0355BIH,Helpline,Bihar,Sitamarhi,District Emergency Helpline for Covid 19,6226250316,,https://mapit.gov.in/covid-19/help-line/Bihar-COVID19-District-Level-Contact-Details.pdf,Bihar Govt
HEL0356BIH,Helpline,Bihar,Supaul,District Emergency Helpline for Covid 19,6473224005,,https://mapit.gov.in/covid-19/help-line/Bihar-COVID19-District-Level-Contact-Details.pdf,Bihar Govt
HEL0357BIH,Helpline,Bihar,Siwan,District Emergency Helpline for Covid 19,6154242000,,https://mapit.gov.in/covid-19/help-line/Bihar-COVID19-District-Level-Contact-Details.pdf,Bihar Govt
HEL0358BIH,Helpline,Bihar,Vaishali,District Emergency Helpline for Covid 19,6224260220,,https://mapit.gov.in/covid-19/help-line/Bihar-COVID19-District-Level-Contact-Details.pdf,Bihar Govt
HEL0359BIH,Helpline,Bihar,West Champaran,District Emergency Helpline for Covid 19,6254247002,6254247003,https://mapit.gov.in/covid-19/help-line/Bihar-COVID19-District-Level-Contact-Details.pdf,Bihar Govt
HEL0360MEG,Helpline,Meghalaya,Statewide,Covid 19 State Emergency Helpline,1070,,http://meghalaya.gov.in/megcms/sites/default/files/announcement/State%20Emergency%20Operation%20Centre.pdf,Govt. of Meghalaya
HEL0361MEG,Helpline,Meghalaya,"East Khasi Hills, West Jaintia Hills  & East Jaintia Hills",Daily Wage Workers Helpline,6009924512,,http://meghalayaonline.gov.in/covid/images/materials/STATEEMERGENCYOPERATIONSCENTRE.pdf,Govt. of Meghalaya
HEL0362MEG,Helpline,Meghalaya,"West Garo Hills, South Garo Hills & South Wesh Garo Hills",Daily Wage Workers Helpline,6009907400,,http://meghalayaonline.gov.in/covid/images/materials/STATEEMERGENCYOPERATIONSCENTRE.pdf,Govt. of Meghalaya
HEL0363MEG,Helpline,Meghalaya,"West Khasi Hills, South West Khasi Hills & Ri Bhoi",Daily Wage Workers Helpline,6009908007,,http://meghalayaonline.gov.in/covid/images/materials/STATEEMERGENCYOPERATIONSCENTRE.pdf,Govt. of Meghalaya
HEL0364MEG,Helpline,Meghalaya,East Garo Hills & North Garo Hills,Daily Wage Workers Helpline,6009964843,,http://meghalayaonline.gov.in/covid/images/materials/STATEEMERGENCYOPERATIONSCENTRE.pdf,Govt. of Meghalaya
HEL0365MEG,Helpline,Meghalaya,Shillong,Student Shelter Helpline,8414804770,,http://meghalayaonline.gov.in/covid/images/materials/STATEEMERGENCYOPERATIONSCENTRE.pdf,Govt. of Meghalaya
HEL0366MEG,Helpline,Meghalaya,Statewide,Citizens stranded outside the state,9856024237,9436112993,http://meghalayaonline.gov.in/covid/images/materials/STATEEMERGENCYOPERATIONSCENTRE.pdf,Govt. of Meghalaya
HEL0367MEG,Helpline,Meghalaya,Statewide,Citizens stranded outside the state,9856451339,9485098768,http://meghalayaonline.gov.in/covid/images/materials/STATEEMERGENCYOPERATIONSCENTRE.pdf,Govt. of Meghalaya
HEL0368ARU,Helpline,Arunachal Pradesh,Statewide,State Helpline,104,1075,http://covid19.itanagarsmartcity.in/,Govt of Arunachal Pradesh
HEL0369MEG,Helpline,Meghalaya,Statewide,Helpline for Migrant Labour Stranded - Smt. Ripnar Lyngdoh,9436106109,,http://meghalaya.gov.in/megcms/sites/default/files/announcement/Order_1.pdf,Govt. of Meghalaya
HEL0370MEG,Helpline,Meghalaya,Statewide,Helpline for Migrant Labour Stranded - Shri Bhupesh Hajong,9436113592,,http://meghalaya.gov.in/megcms/sites/default/files/announcement/Order_1.pdf,Govt. of Meghalaya
HEL0371MEG,Helpline,Meghalaya,Statewide,Helpline for Migrant Labour Stranded - Shri Bruce P Marak,8787662588,,http://meghalaya.gov.in/megcms/sites/default/files/announcement/Order_1.pdf,Govt. of Meghalaya
HEL0372MEG,Helpline,Meghalaya,Statewide,Helpline for Migrant Labour Stranded - Shri Sienmiki Lyngdoh Mawphlang,9863112123,,http://meghalaya.gov.in/megcms/sites/default/files/announcement/Order_1.pdf,Govt. of Meghalaya
HEL0373MEG,Helpline,Meghalaya,Statewide,Helpline for Migrant Labour Stranded - Shri Pyndapbor Marbaniang,8794755571,,http://meghalaya.gov.in/megcms/sites/default/files/announcement/Order_1.pdf,Govt. of Meghalaya
HEL0374ARU,Helpline,Arunachal Pradesh,Anjaw,Helpline Numbers for Essential Commodities - Market On Wheel,9862862606,6909424647,http://covid19.itanagarsmartcity.in/essentialserviceproviders.php,Govt of Arunachal Pradesh
HEL0375ARU,Helpline,Arunachal Pradesh,"Capital Complex, Itanagar",Helpline Numbers for Essential Commodities - Krishna Store,7085105949,9856916958,http://covid19.itanagarsmartcity.in/essentialserviceproviders.php,Govt of Arunachal Pradesh
HEL0376ARU,Helpline,Arunachal Pradesh,"Capital Complex, Itanagar",Helpline Numbers for Essential Commodities - Pradip Store,8974948512,,http://covid19.itanagarsmartcity.in/essentialserviceproviders.php,Govt of Arunachal Pradesh
HEL0377ARU,Helpline,Arunachal Pradesh,Changlang,Helpline Numbers for Essential Commodities - DFSCO,8794749085,,http://covid19.itanagarsmartcity.in/essentialserviceproviders.php,Govt of Arunachal Pradesh
HEL0378ARU,Helpline,Arunachal Pradesh,"East Kameng, Seppa",Helpline Numbers for Essential Commodities - District disaster management officer,03787-222333,,http://covid19.itanagarsmartcity.in/essentialserviceproviders.php,Govt of Arunachal Pradesh
HEL0379ARU,Helpline,Arunachal Pradesh,"East Siang, Pasighat",Helpline Numbers for Essential Commodities - District Administration,8787614698,8794128118,http://covid19.itanagarsmartcity.in/essentialserviceproviders.php,Govt of Arunachal Pradesh
HEL0380ARU,Helpline,Arunachal Pradesh,"Kamle, Raga",Helpline Numbers for Essential Commodities - DFSCO,9862066219,,http://covid19.itanagarsmartcity.in/essentialserviceproviders.php,Govt of Arunachal Pradesh
HEL0381ARU,Helpline,Arunachal Pradesh,Kra Daadi,Helpline Numbers for Essential Commodities - DFSCO,8730024473,,http://covid19.itanagarsmartcity.in/essentialserviceproviders.php,Govt of Arunachal Pradesh
HEL0382ARU,Helpline,Arunachal Pradesh,"Kurung Kumey, Koloriang",Helpline Numbers for Essential Commodities - DFSCO,9862066659,8729847717,http://covid19.itanagarsmartcity.in/essentialserviceproviders.php,Govt of Arunachal Pradesh
HEL0383ARU,Helpline,Arunachal Pradesh,"Kurung Kumey, Koloriang",Helpline Numbers for Essential Commodities - DFSCO,9862066659,8729847717,http://covid19.itanagarsmartcity.in/essentialserviceproviders.php,Govt of Arunachal Pradesh
HEL0384ARU,Helpline,Arunachal Pradesh,"Lepa Rada, Basar",Helpline Numbers for Essential Commodities - Marpe Rina,8415073565,,http://covid19.itanagarsmartcity.in/essentialserviceproviders.php,Govt of Arunachal Pradesh
HEL0385ARU,Helpline,Arunachal Pradesh,"Lepa Rada, Basar",Helpline Numbers for Essential Commodities - Kargo Bam,7085827200,,http://covid19.itanagarsmartcity.in/essentialserviceproviders.php,Govt of Arunachal Pradesh
HEL0386ARU,Helpline,Arunachal Pradesh,"Lohit, Tezu",Helpline Numbers for Essential Commodities - Essential Ration Commodities,7628832600,,http://covid19.itanagarsmartcity.in/essentialserviceproviders.php,Govt of Arunachal Pradesh
HEL0387ARU,Helpline,Arunachal Pradesh,Longding,Helpline Numbers for Essential Commodities - DFSCO,7642824435,,http://covid19.itanagarsmartcity.in/essentialserviceproviders.php,Govt of Arunachal Pradesh
HEL0388ARU,Helpline,Arunachal Pradesh,"Lower Siang, Likabali",Helpline Numbers for Essential Commodities - DFSCO,9436040833,,http://covid19.itanagarsmartcity.in/essentialserviceproviders.php,Govt of Arunachal Pradesh
HEL0389ARU,Helpline,Arunachal Pradesh,"Lower Siang, Likabali",Helpline Numbers for Essential Commodities - DFSCO,9436040833,,http://covid19.itanagarsmartcity.in/essentialserviceproviders.php,Govt of Arunachal Pradesh
HEL0390ARU,Helpline,Arunachal Pradesh,"Lower Subansiri, Ziro",Helpline Numbers for Essential Commodities -,8119883774,,http://covid19.itanagarsmartcity.in/essentialserviceproviders.php,Govt of Arunachal Pradesh
HEL0391ARU,Helpline,Arunachal Pradesh,Namsai,Helpline Numbers for Essential Commodities - DFSCO,7085398474,,http://covid19.itanagarsmartcity.in/essentialserviceproviders.php,Govt of Arunachal Pradesh
HEL0392ARU,Helpline,Arunachal Pradesh,Papum Parae,Helpline Numbers for Essential Commodities - Taba Naka Enterprises,8257908520,,http://covid19.itanagarsmartcity.in/essentialserviceproviders.php,Govt of Arunachal Pradesh
HEL0393ARU,Helpline,Arunachal Pradesh,Papum Parae,Helpline Numbers for Essential Commodities - DFSCO,9883107600,6033836273,http://covid19.itanagarsmartcity.in/essentialserviceproviders.php,Govt of Arunachal Pradesh
HEL0394ARU,Helpline,Arunachal Pradesh,Papum Parae - Nirjuli Division,Helpline Numbers for Essential Commodities - Aparna Store,8794266422,,http://covid19.itanagarsmartcity.in/essentialserviceproviders.php,Govt of Arunachal Pradesh
HEL0395ARU,Helpline,Arunachal Pradesh,"Siang, Pangin",Helpline Numbers for Essential Commodities - Inspector of Food Supplies,8258996224,,http://covid19.itanagarsmartcity.in/essentialserviceproviders.php,Govt of Arunachal Pradesh
HEL0396ARU,Helpline,Arunachal Pradesh,Tawang,Helpline Numbers for Essential Commodities -,8256999945,,http://covid19.itanagarsmartcity.in/essentialserviceproviders.php,Govt of Arunachal Pradesh
HEL0397ARU,Helpline,Arunachal Pradesh,Tawang,Helpline Numbers for Essential Commodities - Mr. Lobsang Testan,8257831319,9436250325,http://covid19.itanagarsmartcity.in/essentialserviceproviders.php,Govt of Arunachal Pradesh
HEL0398ARU,Helpline,Arunachal Pradesh,"Tirap, Khonsa",Helpline Numbers for Essential Commodities - Taying Siram,8258996224,9402794695,http://covid19.itanagarsmartcity.in/essentialserviceproviders.php,Govt of Arunachal Pradesh
HEL0399ARU,Helpline,Arunachal Pradesh,"West Kameng, Bomdilla",Helpline Numbers for Essential Commodities - Mr. Deb,9830245648,9862908146,http://covid19.itanagarsmartcity.in/essentialserviceproviders.php,Govt of Arunachal Pradesh
HEL0400ARU,Helpline,Arunachal Pradesh,West Kameng,Helpline Numbers for Essential Commodities -,8729899333,8794520364,http://covid19.itanagarsmartcity.in/essentialserviceproviders.php,Govt of Arunachal Pradesh
HEL0401ARU,Helpline,Arunachal Pradesh,"West Siang, Aalo",Helpline Numbers for Essential Commodities - Mr. N Lendo,9436056049,9436256820,http://covid19.itanagarsmartcity.in/essentialserviceproviders.php,Govt of Arunachal Pradesh